[
  {
    "icon": "fa fa-home",
    "slug": "external",
    "title": "Volver al inicio",
    "path": "index.html"
  },
  {
    "id": 1,
    "icon": "fa fa-file-text",
    "slug": "investigacion",
    "title": "1. Investigación de la moda.",
    "breadcrumb": ["Inicio","investigacion"],
    "path": "pages/1-tema.html",
    "submenu": [
      {
        "icon": "fa fa-file-text",
        "slug": "investigacion",
        "title": "1.1 Introducción a la investigación en el mundo de la moda, ¿Qué, por qué y para quién investigar?",
        "anchor": "intro"
      },
      {
        "icon": "fa fa-file-text",
        "slug": "investigacion",
        "title": "1.2 Indagar y elegir tema de investigación.",
        "anchor": "indagar"
      },
      {
        "icon": "fa fa-play-circle",
        "slug": "investigacion",
        "title": "1.3 Fuentes de información e investigación: introducción a las macrotendencias y microtendencias, fuentes de inspiración.",
        "anchor": "fuentes"
      },
      {
        "icon": "fa fa-file-text",
        "slug": "investigacion",
        "title": "1.4 Metodologías para la gestión de la información: coolhunting y cooltsearching, Bloggers y trendsetters, comunidades o grupos de consumo, herramientas para cazar tendencias.",
        "anchor": "metodologias"
      },
      {
        "icon": "fa fa-play-circle",
        "slug": "investigacion",
        "title": "1.5 Recopilación y análisis de datos: cuaderno de bocetos, técnicas de dibujo, el collage, yuxtaposición deconstrucción, referencias cruzadas, análisis de la investigación, centrarse en elementos claves (moodboards, storyboards, concepbook).",
        "anchor": "recopilacion"
      },
      {
        "icon": "fa fa-play-circle",
        "slug": "investigacion",
        "title": "1.6 Estructura y forma de la colección: interpretación del concepto de la colección, cartas de color, formas, texturas, materiales, siluetas, procesos y acabados).",
        "anchor": "estructura"
      },
      {
        "icon": "fa fa-play-circle",
        "slug": "investigacion",
        "title": "1.7 Comunicación de las ideas: dibujo aplicado al diseño, plantillas, ilustraciones, collage, dibujo de prototipo, composición, tablero de dibujo.",
        "anchor": "comunicacion"
      }
    ]
  },
  {
    "id": 2,
    "icon": "fa fa-file-text",
    "slug": "mercado",
    "title": "2. El mercado y sus segmentos.",
    "breadcrumb": ["Inicio","mercado"],
    "path": "pages/2-tema.html",
    "submenu": [
      {
        "icon": "fa fa-play-circle",
        "slug": "mercado",
        "title": "2.1 Fundamentos de mercadeo: definición de consumidor, usuario, cliente, competencia, mix de mercado, mercado objetivo.",
        "anchor": "fundamentos"
      },
      {
        "icon": "fa fa-play-circle",
        "slug": "mercado",
        "title": "2.2 Segmentos de mercado, nichos de mercado.",
        "anchor": "segmentos"
      },
      {
        "icon": "fa fa-play-circle",
        "slug": "mercado",
        "title": "2.3 Segmentos emergentes.",
        "anchor": "segmentos1"
      },
      {
        "icon": "fa fa-play-circle",
        "slug": "mercado",
        "title": "2.4 El cliente: estilos, necesidades, características.",
        "anchor": "cliente"
      },
      {
        "icon": "fa fa-play-circle",
        "slug": "mercado",
        "title": "2.5 Estrategias de mercadeo, 4p´s del mercado.",
        "anchor": "estrategias"
      }
    ]
  }
]